edges__source,edges__strength,edges__target
10102,0.31640625,10401
10102,0.31640625,10403
10401,0.47265625,41601
10401,0.430664063,41602
10401,0.308646914,42103
10401,0.352539063,42105
10401,0.312279792,42309
10401,0.312279792,52716
10401,0.352539063,63208
10401,0.352539063,63209
10401,0.40495405,63402
10401,0.331499578,73921
10401,0.31640625,73922
10401,0.312279792,73925
10401,0.352539063,94410
10401,0.308646914,104808
10401,0.31640625,136806
10401,0.390625,178716
10401,0.47265625,10403
10401,0.47265625,94415
10201,0.3136,10404
10201,0.31640625,10511
10201,0.4624,10206
10201,0.3136,21108
10201,0.31640625,41602
10404,0.326532245,63823
10404,0.425325709,10405
10404,0.326532245,63501
10404,0.274376916,63507
10302,0.330625,10304
10302,0.402146223,10305
10302,0.418686644,10303
10302,0.36,10307
10302,0.25,20604
10304,0.322135705,10307
10304,0.353537268,115608
10304,0.371807258,10305
10304,0.322135705,10511
10304,0.420746823,41604
10304,0.186995705,42301
10305,0.31469856,10307
10305,0.31469856,41604
10303,0.346026298,10304
10303,0.323340077,10307
10303,0.346026298,41604
10303,0.418686644,10305
10307,0.322135705,41604
10307,0.26369252,41605
10307,0.26369252,52501
10307,0.353537268,115608
41601,0.312279792,41901
41601,0.308646914,42103
41601,0.416231426,42105
41601,0.33802596,42202
41601,0.312279792,42309
41601,0.416231426,63208
41601,0.352539063,63209
41601,0.367308724,63402
41601,0.40495405,73921
41601,0.381491523,73925
41601,0.416231426,94410
41601,0.31820881,104821
41601,0.337154423,104902
41601,0.337154423,136806
41601,0.335183103,136810
41601,0.326532245,157309
41601,0.416231426,157325
41601,0.337154423,157326
41601,0.337154423,157610
41601,0.31640625,157616
41601,0.337154423,158309
41601,0.516601563,41602
41601,0.550474964,94415
41601,0.516601563,178716
41602,0.31640625,42102
41602,0.390625,42105
41602,0.36,42106
41602,0.394270968,42202
41602,0.346026298,42309
41602,0.430664063,63208
41602,0.352539063,63209
41602,0.40495405,63402
41602,0.331499578,73921
41602,0.346026298,73925
41602,0.430664063,94410
41602,0.31640625,94411
41602,0.430664063,94415
41602,0.322135705,94418
41602,0.305399917,104818
41602,0.31640625,157325
41602,0.352539063,157610
41602,0.312279792,168418
41602,0.352539063,178716
41602,0.418686644,41901
42103,0.373455432,42104
42103,0.308646914,42106
42103,0.373455432,42309
42103,0.340273889,63208
42103,0.373455432,63209
42103,0.408180432,63402
42103,0.340273889,73917
42103,0.308646914,94415
42103,0.308646914,104808
42103,0.366339668,104818
42103,0.326532245,104819
42103,0.349174628,157310
42103,0.31820881,157604
42103,0.444448889,104821
42105,0.365601623,42202
42105,0.312279792,42309
42105,0.430664063,63209
42105,0.37564641,63214
42105,0.40495405,63402
42105,0.37564641,63506
42105,0.416231426,73917
42105,0.367308724,73921
42105,0.337154423,94410
42105,0.416231426,94415
42105,0.337154423,104707
42105,0.340273889,104808
42105,0.337154423,115602
42105,0.305399917,136810
42105,0.322828512,157310
42105,0.31820881,157604
42105,0.31640625,178716
42105,0.458897856,63208
42309,0.312279792,63209
42309,0.312279792,94410
42309,0.312279792,94415
42309,0.312279792,104707
42309,0.335183103,104818
42309,0.347793268,104821
42309,0.25,63105
42309,0.381491523,63402
42309,0.25,73915
52716,0.346026298,73925
52716,0.335183103,136810
52716,0.31820881,137010
52716,0.312279792,157217
52716,0.326532245,157309
52716,0.312279792,157616
52716,0.312279792,168432
52716,0.346026298,209403
52716,0.381491523,94415
63208,0.528921653,63402
63208,0.503645702,73917
63208,0.401106889,73920
63208,0.444448889,73921
63208,0.321114889,73922
63208,0.346026298,73925
63208,0.337154423,94415
63208,0.308646914,104808
63208,0.321114889,104811
63208,0.321114889,104817
63208,0.401106889,104902
63208,0.444448889,104911
63208,0.401106889,136806
63208,0.321114889,157325
63208,0.401106889,168428
63208,0.390625,178716
63208,0.66015625,63209
63208,0.49,63214
63208,0.444448889,63506
63208,0.284440889,63814
63208,0.36,104707
63209,0.390625,63214
63209,0.31640625,63405
63209,0.31640625,63506
63209,0.444448889,73921
63209,0.31640625,73922
63209,0.312279792,73925
63209,0.31640625,104707
63209,0.335183103,104818
63209,0.31820881,104821
63209,0.352539063,104902
63209,0.390625,104911
63209,0.31640625,136806
63209,0.326532245,157309
63209,0.37655405,157310
63209,0.31820881,157604
63209,0.390625,178716
63209,0.528921653,63402
63209,0.516601563,73917
63402,0.40495405,73917
63402,0.40495405,73921
63402,0.381491523,73925
63402,0.373455432,104808
63402,0.335183103,104818
63402,0.31820881,104821
63402,0.331499578,104911
63402,0.36,157309
63402,0.40495405,157310
63402,0.410919461,157604
63402,0.312279792,168418
63402,0.331499578,178716
63402,0.31820881,209406
63402,0.331499578,157215
73921,0.346026298,73925
73921,0.340273889,104808
73921,0.366339668,104818
73921,0.367308724,104902
73921,0.366339668,136810
73921,0.43183298,157309
73921,0.349174628,157310
73921,0.367308724,157326
73921,0.378692544,157604
73921,0.331499578,157610
73921,0.367308724,157616
73921,0.312279792,168418
73921,0.331499578,168428
73921,0.347793268,209406
73921,0.221454948,116309
73921,0.444448889,178716
73922,0.36,104817
73922,0.305399917,136810
73922,0.385256076,157314
73922,0.304394958,157320
73922,0.385256076,157325
73922,0.343642164,157610
73922,0.31640625,157616
73922,0.31640625,178716
73922,0.36,209403
73922,0.385256076,157326
73925,0.381491523,94410
73925,0.457611661,94415
73925,0.420746823,94418
73925,0.312279792,94421
73925,0.381491523,104817
73925,0.335183103,104818
73925,0.31820881,104821
73925,0.432819252,136810
73925,0.31820881,137010
73925,0.36,157306
73925,0.383222903,157308
73925,0.395100245,157309
73925,0.322828512,157310
73925,0.312279792,157321
73925,0.381491523,157325
73925,0.418686644,157326
73925,0.31820881,157604
73925,0.457611661,157610
73925,0.457611661,157616
73925,0.312279792,168501
73925,0.31469856,168544
73925,0.457611661,178716
73925,0.457611661,209403
73925,0.418686644,168418
73925,0.479293136,209406
94410,0.37564641,104817
94410,0.337154423,136809
94410,0.305399917,136810
94410,0.326532245,157306
94410,0.326532245,157309
94410,0.37564641,157325
94410,0.416231426,157610
94410,0.31640625,157616
94410,0.346026298,168418
94410,0.31640625,178716
94410,0.458897856,94411
94410,0.550474964,94415
104808,0.350274586,104819
104808,0.366339668,136810
104808,0.340273889,157306
104808,0.340273889,157309
104808,0.349174628,157310
104808,0.31820881,157604
104808,0.308646914,168418
136806,0.319473648,137007
136806,0.37051569,137008
136806,0.319473648,157322
136806,0.351162908,157326
136806,0.36861898,157610
136806,0.37051569,168416
136806,0.332836686,168431
136806,0.332836686,168432
136806,0.37051569,168433
136806,0.319473648,168436
136806,0.37051569,168530
136806,0.319473648,178701
136806,0.37051569,137019
136806,0.483928923,168428
136806,0.47265625,178716
178716,0.352539063,209403
178716,0.444448889,209406
10403,0.430664063,41601
10403,0.430664063,41602
10403,0.390625,42105
10403,0.390625,63208
10403,0.31640625,63209
10403,0.331499578,63402
10403,0.367308724,73921
10403,0.312279792,73925
10403,0.430664063,94410
10403,0.352539063,94415
10403,0.31640625,136806
10403,0.366339668,136810
10403,0.31640625,157325
10403,0.31640625,158309
10403,0.352539063,178716
10403,0.444448889,10406
94415,0.386411424,94418
94415,0.337154423,94421
94415,0.340273889,104808
94415,0.337154423,104817
94415,0.31820881,104821
94415,0.337154423,136806
94415,0.366339668,136810
94415,0.326532245,157306
94415,0.326532245,157308
94415,0.326532245,157309
94415,0.322828512,157310
94415,0.416231426,157326
94415,0.416231426,157610
94415,0.352539063,157616
94415,0.37564641,168432
94415,0.337154423,178607
94415,0.390625,178716
94415,0.416231426,209403
94415,0.31820881,209406
94415,0.458897856,157325
136810,0.305399917,136910
136810,0.335183103,157306
136810,0.40495405,157310
136810,0.398893296,157325
136810,0.305399917,157326
136810,0.444448889,157604
136810,0.335183103,157610
136810,0.335183103,157616
136810,0.402146223,168544
136810,0.398893296,178716
136810,0.432819252,209403
136810,0.335183103,157217
136810,0.510210204,157308
136810,0.504852881,157309
136810,0.515452203,209406
157325,0.429247729,157610
157325,0.430664063,157616
157325,0.343642164,157907
157325,0.304394958,158309
157325,0.343642164,168417
157325,0.304394958,168501
157325,0.304394958,168503
157325,0.343642164,168504
157325,0.304394958,168546
157325,0.304394958,178607
157325,0.390625,178716
157325,0.444448889,209403
157325,0.52437874,157326
63823,0.36,168434
10406,0.367308724,41602
10406,0.36,41806
10406,0.312279792,41901
10406,0.331499578,42105
10406,0.308646914,104808
41806,0.322135705,42007
41806,0.308646914,42103
41806,0.340273889,42104
41806,0.326532245,42105
41806,0.31152026,42202
41806,0.326532245,42309
41806,0.326532245,73921
41806,0.326532245,94415
41806,0.335183103,104818
41806,0.326532245,104819
41806,0.398893296,136810
41806,0.36,157309
41806,0.349174628,157310
41806,0.326532245,157325
41806,0.347793268,157604
41806,0.454842336,41905
41806,0.482246914,104808
41901,0.308646914,42104
41901,0.312279792,42105
20702,0.308646914,20704
20702,0.332836686,20706
20702,0.444448889,20707
20704,0.308646914,20808
20704,0.23182299,20705
20704,0.444448889,20706
20704,0.396433937,20809
20703,0.31640625,20712
20703,0.297515703,20713
20703,0.326532245,20806
20712,0.308646914,116207
20712,0.31640625,20809
20808,0.308646914,20813
20808,0.548695748,20809
20808,0.340273889,42204
20709,0.365601623,41905
20709,0.354310658,42005
20709,0.326532245,42008
20709,0.31152026,42202
20709,0.354310658,20804
20709,0.354310658,20807
20709,0.274376916,20810
20709,0.365601623,42009
41905,0.33802596,42007
41905,0.365601623,42009
41905,0.394270968,42103
41905,0.33802596,42104
41905,0.394270968,42105
41905,0.31152026,42106
41905,0.31152026,42309
41905,0.31152026,63209
41905,0.31152026,63402
41905,0.31152026,73917
41905,0.31769005,73923
41905,0.33802596,104808
41905,0.394270968,104818
41905,0.453561841,104819
41905,0.365601623,104821
41905,0.365601623,136810
41905,0.31152026,157309
41905,0.33802596,157604
41905,0.394270968,42005
41905,0.553818756,42202
41905,0.365601623,42402
41905,0.496390703,157310
42005,0.378692544,42007
42005,0.365601623,42009
42005,0.31820881,42104
42005,0.347793268,104818
42005,0.31469856,116109
42005,0.31820881,116114
42005,0.31820881,116202
42005,0.37655405,157310
42005,0.31820881,157604
42005,0.378692544,42008
42008,0.33802596,42009
42008,0.31820881,116114
42008,0.287928828,42401
42202,0.33802596,42402
42202,0.31152026,63402
42202,0.31152026,73921
42202,0.31152026,73925
42202,0.33802596,94410
42202,0.31152026,94415
42202,0.31152026,104808
42202,0.33802596,104818
42202,0.350274586,104819
42202,0.31152026,157308
42202,0.434399628,157310
42202,0.31152026,157604
42202,0.31152026,168418
116207,0.408180432,116209
116207,0.340273889,116210
116207,0.49378729,116211
116207,0.482246914,116212
116207,0.340273889,116217
116207,0.340273889,116302
116207,0.340273889,126403
116207,0.340273889,126405
116207,0.340273889,126406
116207,0.648926914,116208
20804,0.342658037,20807
20806,0.332836686,20808
20806,0.396433937,20809
20806,0.289939172,42002
20806,0.215565204,52607
20806,0.213019172,219706
20811,0.331499578,94415
20811,0.305399917,136810
20811,0.308646914,136910
20811,0.347793268,42001
136910,0.340273889,157306
136910,0.308646914,168418
136910,0.342658037,168544
20910,0.31469856,116103
20910,0.349174628,116106
20910,0.330015781,116108
20910,0.31469856,116109
20910,0.344522042,116204
20910,0.31469856,116209
20910,0.371807258,116104
116103,0.647831814,116104
116103,0.5625,116106
116103,0.464878512,116107
116103,0.463556723,116108
116103,0.57168721,116109
116103,0.322135705,116115
116103,0.373455432,116117
116103,0.322135705,116202
116103,0.346026298,116203
116103,0.454154688,116204
116103,0.604941728,116205
116103,0.49378729,116206
116103,0.521601728,116208
116103,0.521601728,116209
116103,0.340273889,116210
116103,0.532505873,116211
116103,0.482246914,116212
116103,0.373455432,116217
116103,0.308646914,116302
116103,0.340273889,126405
116103,0.754153296,116105
116103,0.754153296,116110
116103,0.790125432,116111
116103,0.623262881,116114
116103,0.694438889,116207
116106,0.669418512,116107
116106,0.619731073,116108
116106,0.707129628,116109
116106,0.597111653,116110
116106,0.528921653,116111
116106,0.528921653,116114
116106,0.37655405,116117
116106,0.349174628,116202
116106,0.498266574,116203
116106,0.612478412,116204
116106,0.496390703,116205
116106,0.5625,116206
116106,0.464878512,116207
116106,0.434399628,116208
116106,0.40495405,116209
116106,0.434399628,116211
116106,0.349174628,116212
116106,0.322828512,116217
116106,0.37655405,116305
116108,0.688551444,116109
116108,0.463556723,116110
116108,0.463556723,116111
116108,0.354906148,116112
116108,0.40742689,116114
116108,0.40742689,116115
116108,0.306019176,116117
116108,0.306019176,116202
116108,0.52633574,116203
116108,0.586694722,116204
116108,0.435032585,116205
116108,0.435032585,116206
116108,0.52330756,116207
116108,0.463556723,116208
116108,0.306019176,116209
116108,0.463556723,116211
116108,0.463556723,116212
116108,0.354906148,116305
116108,0.38071368,168544
116109,0.57168721,116110
116109,0.57168721,116111
116109,0.402146223,116112
116109,0.500301582,116114
116109,0.402146223,116115
116109,0.433674932,116117
116109,0.342658037,116201
116109,0.402146223,116202
116109,0.52633574,116203
116109,0.546313157,116204
116109,0.535399524,116205
116109,0.57168721,116206
116109,0.60916464,116207
116109,0.535399524,116208
116109,0.342658037,116209
116109,0.535399524,116211
116109,0.433674932,116212
116109,0.31469856,116217
116109,0.31469856,116302
116109,0.342658037,126403
116109,0.31469856,126405
116109,0.31469856,126406
116109,0.371807258,168544
116109,0.454842336,116305
116204,0.397441985,116205
116204,0.578923157,116206
116204,0.397441985,116207
116204,0.483928923,116208
116204,0.37051569,116209
116204,0.483928923,116211
116204,0.319473648,116212
116204,0.344522042,116305
116204,0.37051569,126405
116204,0.319473648,126406
116204,0.344522042,157308
116204,0.344522042,168544
116209,0.337154423,116210
116209,0.322135705,116211
116209,0.36,116212
116209,0.31640625,116302
116209,0.234130177,178904
21101,0.308646914,52523
21101,0.284440889,42302
21101,0.308646914,63401
52523,0.308646914,63401
52523,0.36,73923
52523,0.329556365,116108
52523,0.351162908,116203
52523,0.329556365,116204
52523,0.308646914,157310
52523,0.304394958,157404
52523,0.373455432,104819
21205,0.308646914,168403
21205,0.340273889,31514
168403,0.308646914,168416
168403,0.308646914,168419
168403,0.373455432,168433
168403,0.36,168434
168403,0.335183103,168462
168403,0.335183103,168466
168403,0.308646914,178603
168403,0.308646914,178605
168403,0.25,178601
21211,0.340273889,116108
21211,0.323340077,116203
21211,0.340273889,116204
21211,0.365021389,116305
116203,0.393693503,116205
116203,0.444448889,116206
116203,0.346026298,116207
116203,0.369469466,116208
116203,0.418686644,116211
116203,0.393693503,116305
116203,0.323340077,126406
116203,0.304394958,157404
116203,0.323340077,168544
116203,0.615142176,116204
31514,0.3136,63214
31514,0.337154423,94415
31514,0.340273889,136806
31514,0.340273889,137008
63214,0.36,63506
63214,0.416231426,73917
63214,0.331499578,73921
63214,0.346026298,73925
63214,0.3136,104811
63214,0.378692544,104902
63214,0.396433937,104911
63214,0.3136,115603
63214,0.3136,137008
63214,0.304394958,157325
63214,0.351162908,157326
63214,0.326532245,157610
63214,0.4096,168428
63214,0.3136,168434
63214,0.3136,168438
63214,0.3136,178701
63214,0.430664063,178716
63214,0.3136,178903
63214,0.4624,136806
104821,0.31820881,137010
104821,0.347793268,157309
104821,0.40495405,157310
104821,0.31820881,157604
104821,0.347793268,209406
104902,0.351162908,104911
104902,0.332836686,115602
104902,0.395100245,157309
104902,0.343642164,157325
104902,0.396433937,157326
104902,0.36861898,157610
104902,0.332836686,168428
104902,0.332836686,168474
104902,0.352539063,178716
104902,0.479293136,136806
104902,0.36861898,158309
104902,0.378692544,168438
157309,0.37655405,157310
157309,0.395100245,157325
157309,0.395100245,157326
157309,0.347793268,157604
157309,0.36,157610
157309,0.395100245,157616
157309,0.342658037,168544
157309,0.395100245,209403
157309,0.444448889,209406
157309,0.510210204,178716
157326,0.351162908,157907
157326,0.308646914,158205
157326,0.351162908,158301
157326,0.396433937,158302
157326,0.326532245,158311
157326,0.308646914,168403
157326,0.308646914,168417
157326,0.308646914,168438
157326,0.308646914,168466
157326,0.36861898,168501
157326,0.396433937,168503
157326,0.351162908,168536
157326,0.351162908,168537
157326,0.36861898,168546
157326,0.351162908,178607
157326,0.308646914,178708
157326,0.430664063,178716
157326,0.351162908,209401
157326,0.49,209403
157326,0.308646914,209405
157326,0.31820881,209406
157326,0.5625,157610
157326,0.516601563,157616
157326,0.396433937,168431
157326,0.444448889,168432
157326,0.351162908,168474
157610,0.352539063,157616
157610,0.326532245,157907
157610,0.346026298,168418
157610,0.326532245,168432
157610,0.326532245,168546
157610,0.430664063,178716
157610,0.347793268,209406
157610,0.537772889,209403
157616,0.31640625,157907
157616,0.31640625,158302
157616,0.312279792,168418
157616,0.352539063,168501
157616,0.31640625,168503
157616,0.390625,168536
157616,0.352539063,168546
157616,0.390625,178716
157616,0.31640625,209401
157616,0.430664063,209403
157616,0.31820881,209406
157616,0.31640625,189028
42106,0.33802596,42202
42106,0.326532245,42309
42106,0.326532245,63208
42106,0.36,63209
42106,0.36,63402
42106,0.36,73917
42106,0.335183103,104818
42106,0.31820881,157604
94411,0.36,104817
94411,0.304394958,157610
94411,0.36,209403
94418,0.354310658,157308
94418,0.322135705,157309
94418,0.322135705,157326
94418,0.353537268,157610
94418,0.420746823,209403
94418,0.378692544,209406
94418,0.432819252,136810
104818,0.326532245,104819
104818,0.305399917,157309
104818,0.464878512,157310
104818,0.305399917,157612
104818,0.366339668,168418
104818,0.347793268,209406
104818,0.468143324,136810
104818,0.479293136,157604
168418,0.342658037,168544
41704,0.37051569,41905
41704,0.344522042,42001
41704,0.319473648,42005
41704,0.344522042,63401
41704,0.319473648,104818
41704,0.350274586,104819
41704,0.344522042,116305
41704,0.397441985,157310
41704,0.397441985,42009
41704,0.425325709,42202
42001,0.347793268,42007
42001,0.31820881,42008
42001,0.342658037,116109
42001,0.33802596,116305
42001,0.31820881,136910
42001,0.31820881,137010
42001,0.31469856,168544
42001,0.410919461,42005
63401,0.322828512,157310
104819,0.374837818,104821
104819,0.326532245,116108
104819,0.374837818,116204
104819,0.350274586,136810
104819,0.350274586,157308
104819,0.304394958,157404
104819,0.343642164,157602
104819,0.400246023,157604
104819,0.444448889,116203
104819,0.539769396,157310
116305,0.31152026,209404
157310,0.349174628,168544
157310,0.322828512,178716
157310,0.40495405,209406
157310,0.5625,157604
41803,0.398893296,41805
41803,0.468143324,41804
42007,0.347793268,42008
42007,0.394270968,42009
42007,0.322135705,42104
42007,0.322135705,42105
42007,0.31152026,42202
42007,0.353537268,63402
42007,0.353537268,73921
42007,0.322135705,104808
42007,0.335183103,104818
42007,0.31820881,137010
42007,0.40495405,157310
42007,0.386411424,42106
42007,0.410919461,157604
42104,0.31152026,42202
42104,0.308646914,63209
42104,0.340273889,63402
42104,0.308646914,73917
42104,0.308646914,73921
42104,0.340273889,104808
42104,0.366339668,104818
42104,0.326532245,104819
42104,0.349174628,157310
42104,0.347793268,157604
42104,0.408180432,42106
157604,0.347793268,157616
157604,0.347793268,168418
157604,0.371807258,168544
157604,0.31820881,178716
157604,0.444448889,209406
41904,0.308646914,42103
41904,0.312279792,42309
41904,0.31640625,42102
41904,0.31640625,63209
42009,0.31152026,42106
42009,0.365601623,42202
42009,0.349174628,157310
42009,0.349174628,63401
73917,0.40495405,73921
73917,0.337154423,73922
73917,0.346026298,73925
73917,0.305399917,104818
73917,0.335183103,136810
73917,0.326532245,157309
73917,0.390625,157616
73917,0.31640625,178716
73923,0.31769005,116203
73923,0.428435703,157310
73923,0.343642164,157404
73923,0.502808628,104819
73923,0.428435703,104821
73923,0.385256076,157602
137010,0.349174628,157310
137010,0.31820881,209404
137010,0.354310658,157308
168544,0.31469856,209403
168544,0.342658037,209406
116114,0.335183103,116115
116114,0.366339668,116202
116114,0.369469466,116203
116114,0.425325709,116204
116114,0.468143324,116205
116114,0.468143324,116206
116114,0.504852881,116207
116114,0.432819252,116208
116114,0.366339668,116209
116114,0.305399917,116210
116114,0.542933186,116211
116114,0.366339668,116212
116114,0.335183103,126405
116114,0.305399917,126406
116114,0.468143324,116117
116114,0.432819252,116217
116202,0.393693503,116203
116202,0.514648412,116204
116202,0.353537268,116205
116202,0.353537268,116207
116202,0.386411424,116208
116202,0.532505873,116211
116202,0.322135705,116212
116202,0.353537268,116304
116202,0.353537268,126403
116202,0.456543462,126405
116202,0.420746823,126406
116202,0.366339668,136810
116202,0.326532245,157308
116202,0.31469856,168544
116202,0.322135705,209403
116202,0.322135705,209404
116202,0.572685698,116206
116202,0.353537268,136910
63506,0.331499578,73921
63506,0.343642164,104707
63506,0.340273889,136806
63506,0.390625,63823
115602,0.304394958,157325
115602,0.340273889,168474
42402,0.350274586,104819
157308,0.444448889,157309
157308,0.464878512,157310
157308,0.354310658,157325
157308,0.326532245,157326
157308,0.383222903,157604
157308,0.354310658,157616
157308,0.354310658,178716
157308,0.383222903,209403
157308,0.47676263,209406
157308,0.41326898,168544
157308,0.326532245,209404
157404,0.60195874,157602
157217,0.331499578,157314
157217,0.331499578,157616
168432,0.332836686,168474
168432,0.326532245,168546
168432,0.332836686,178607
168432,0.31640625,178716
168432,0.321114889,209403
209403,0.347793268,209406
62903,0.326532245,62912
62903,0.346026298,62914
62903,0.326532245,62930
62903,0.326532245,63701
62903,0.444448889,62916
62912,0.326532245,62932
62912,0.326532245,63403
62912,0.25,178713
62914,0.308646914,62923
62914,0.346026298,62932
62914,0.498266574,63215
62914,0.346026298,73908
62914,0.373455432,62915
62914,0.418686644,62916
62914,0.346026298,62918
62914,0.418686644,62930
62914,0.346026298,62936
62914,0.346026298,63204
62914,0.498266574,63403
62914,0.418686644,73905
62914,0.221454948,168506
62930,0.326532245,62932
62930,0.378692544,62933
62930,0.378692544,62935
62930,0.346026298,63215
62930,0.41326898,63403
62930,0.326532245,73908
63701,0.36,63703
63701,0.36,63707
63701,0.36,63822
63701,0.340273889,73906
63701,0.40495405,73911
63701,0.36,115502
63701,0.36,63702
63701,0.49,73910
63701,0.49,189012
63701,0.49,189022
62907,0.346026298,62914
62907,0.378692544,62930
62907,0.340273889,73906
62907,0.340273889,157220
62907,0.340273889,168479
62907,0.326532245,189010
62907,0.41326898,63403
73906,0.326532245,73908
73906,0.444448889,73910
73906,0.340273889,157220
73906,0.340273889,168427
73906,0.444448889,73911
157220,0.308646914,168483
157220,0.378692544,157225
157220,0.340273889,168427
168479,0.340273889,189027
168479,0.444448889,189024
189010,0.326532245,189031
62910,0.36,63701
62910,0.36,63702
62910,0.308646914,63703
62910,0.390625,63707
62910,0.340273889,73906
62910,0.308646914,189022
62910,0.444448889,73910
62910,0.308646914,136909
63703,0.308646914,63707
63703,0.444448889,73910
63703,0.36,137002
63703,0.308646914,157506
63703,0.308646914,157507
63703,0.308646914,158108
63703,0.36,115502
63703,0.444448889,189022
63707,0.40495405,73911
63707,0.308646914,189022
63707,0.444448889,73910
62932,0.326532245,62936
62932,0.326532245,63403
62932,0.326532245,189021
62932,0.41326898,62935
62923,0.319473648,115603
62923,0.373455432,158202
62923,0.308646914,168416
62923,0.308646914,199303
62923,0.373455432,168483
63215,0.36,104811
63215,0.498266574,63403
62915,0.308646914,62916
62915,0.308646914,63206
62915,0.308646914,63215
62915,0.308646914,63403
62915,0.308646914,73912
62915,0.36,104811
62915,0.335183103,74014
62916,0.31640625,189026
62916,0.31640625,209612
62916,0.346026298,63802
63206,0.217780889,157508
63206,0.31640625,168416
63403,0.326532245,63821
63403,0.326532245,63822
63403,0.326532245,73908
63403,0.31640625,104810
63403,0.36,104811
63403,0.326532245,157220
63403,0.31640625,168416
63403,0.326532245,168427
63403,0.326532245,168479
63403,0.326532245,168524
63403,0.326532245,189021
63403,0.326532245,189022
63403,0.326532245,189024
63403,0.31640625,189026
63403,0.41326898,73906
63403,0.326532245,73913
63403,0.284440889,104813
63403,0.41326898,189027
73912,0.31640625,73919
73912,0.31640625,74002
73912,0.31640625,168427
104811,0.36,157315
104811,0.319473648,168428
104811,0.326532245,178701
104811,0.4225,157211
104811,0.4225,168485
189026,0.335183103,189032
62918,0.308646914,63504
62918,0.319473648,63808
62918,0.280274948,63812
62918,0.280274948,147117
63504,0.308646914,158202
62920,0.340273889,62925
62920,0.340273889,62935
62925,0.378692544,62930
62925,0.40495405,62935
62921,0.378692544,62930
62921,0.378692544,62935
115603,0.37051569,136806
115603,0.319473648,168483
115603,0.319473648,178704
115603,0.546313157,168428
158202,0.308646914,168433
158202,0.373455432,168424
168416,0.308646914,168421
168416,0.308646914,168424
168416,0.319473648,168428
168416,0.31640625,168441
168416,0.335183103,168466
168416,0.31640625,168475
168416,0.390625,168515
168416,0.31640625,168524
168416,0.349174628,168530
168416,0.31640625,189024
168416,0.418686644,168433
168416,0.444448889,168483
199303,0.221454948,199305
62933,0.528921653,62935
62935,0.40495405,189021
62936,0.326532245,63403
189021,0.340273889,189027
62937,0.49,63822
62937,0.340273889,189027
62937,0.25,178805
62937,0.669418512,189021
63822,0.36,73910
63822,0.31640625,73912
63822,0.31640625,168416
63822,0.326532245,168524
63822,0.36,189022
63822,0.340273889,189027
63822,0.25,168401
63822,0.528921653,168427
63822,0.528921653,189021
189027,0.326532245,189031
63002,0.326532245,63403
63002,0.378692544,63822
63002,0.326532245,168442
63002,0.378692544,189021
63002,0.373455432,63006
63002,0.41326898,73908
63002,0.390625,168416
168442,0.326532245,168458
168442,0.326532245,189031
168442,0.41326898,189010
63003,0.3136,63214
63003,0.340273889,63506
63003,0.308646914,104911
63003,0.501731389,63004
104911,0.308646914,115911
104911,0.308646914,136805
104911,0.351162908,136806
104911,0.308646914,157326
104911,0.351162908,168431
104911,0.351162908,168530
104911,0.444448889,168428
63004,0.36,63208
63004,0.3136,63307
63004,0.340273889,63506
63004,0.319473648,63808
63004,0.319473648,104811
63004,0.319473648,115603
63004,0.319473648,136806
63004,0.319473648,157211
63004,0.36,63214
63307,0.3136,74009
63307,0.3136,74010
63307,0.3136,157320
63307,0.3136,168481
63307,0.36,63405
157211,0.49,157212
157211,0.390625,178607
63006,0.308646914,63403
63006,0.308646914,63504
63006,0.308646914,168416
73920,0.304394958,104911
73920,0.304394958,168428
73920,0.40495405,73921
104817,0.36,157314
104817,0.321114889,157320
104817,0.401106889,157325
104817,0.321114889,157610
104817,0.390625,157616
104817,0.31640625,178716
104817,0.36,209403
104817,0.444448889,157326
104817,0.321114889,157612
104817,0.401106889,168501
104817,0.321114889,178609
168428,0.332836686,168431
168428,0.319473648,168438
168428,0.319473648,168441
168428,0.319473648,168466
168428,0.37051569,168483
168428,0.37051569,168503
168428,0.319473648,178701
168428,0.319473648,178703
168428,0.37051569,178708
168428,0.425325709,168436
168428,0.425325709,168530
63212,0.304394958,73920
63212,0.319473648,168428
63212,0.326532245,63823
63212,0.274376916,115404
137008,0.319473648,137019
137008,0.351162908,157326
137008,0.326532245,168417
137008,0.319473648,168428
137008,0.326532245,168465
137008,0.319473648,168503
137008,0.326532245,168511
137008,0.326532245,178701
137008,0.326532245,209405
137008,0.383222903,157322
137008,0.383222903,158302
168434,0.4225,168436
168438,0.319473648,168466
168438,0.37051569,168503
178701,0.274376916,178709
63305,0.308646914,104808
63305,0.351162908,63307
63305,0.326532245,158309
74009,0.383222903,74010
74009,0.425325709,74016
74009,0.36,137009
74009,0.36,157307
74009,0.483928923,157320
74009,0.36,158302
74009,0.36,168406
74009,0.36,168414
74009,0.4225,168466
74009,0.36,168483
74009,0.36,168511
74009,0.4225,168512
74009,0.308646914,168536
74009,0.326532245,168538
74009,0.349174628,178704
74009,0.5625,168409
74009,0.49,168481
74009,0.58049161,178708
74010,0.319473648,74016
74010,0.326532245,136804
74010,0.326532245,168414
74010,0.326532245,168466
74010,0.326532245,168481
74010,0.326532245,168483
74010,0.326532245,168512
157320,0.304394958,157325
157320,0.351162908,157326
157320,0.31640625,157616
157320,0.319473648,168403
157320,0.319473648,168428
157320,0.319473648,168462
157320,0.319473648,168503
157320,0.319473648,168512
157320,0.37051569,168530
157320,0.308646914,168536
157320,0.319473648,168538
157320,0.326532245,168546
157320,0.444448889,178607
157320,0.319473648,178703
157320,0.340273889,209401
157320,0.321114889,209403
157320,0.483928923,168466
157320,0.319473648,168535
157320,0.483928923,178708
168481,0.36,168483
168481,0.36,168485
168481,0.36,168502
168481,0.319473648,168503
168481,0.36,168511
168481,0.308646914,168536
168481,0.326532245,168538
168481,0.326532245,178708
168481,0.49,189032
63821,0.340273889,168427
63821,0.340273889,189021
63821,0.340273889,189027
63821,0.5625,63822
104810,0.31640625,157220
104810,0.25,157411
104810,0.390625,168441
168427,0.340273889,168484
168427,0.40495405,189022
168427,0.340273889,189027
168427,0.528921653,168479
168524,0.41326898,189027
189024,0.444448889,189027
73911,0.40495405,168427
73910,0.308646914,157506
73910,0.308646914,157507
73910,0.40495405,168427
73910,0.444448889,189022
73910,0.528921653,73911
73910,0.36,74002
73910,0.36,137002
157506,0.308646914,157507
157506,0.308646914,189022
157507,0.308646914,158108
157507,0.40495405,168427
157507,0.340273889,168484
157507,0.390625,168456
157507,0.444448889,189022
158108,0.308646914,189022
63801,0.335183103,168406
63801,0.346026298,157318
63801,0.418686644,168545
168406,0.398893296,168408
168406,0.398893296,168409
168406,0.335183103,168413
168406,0.335183103,168416
168406,0.335183103,168419
168406,0.398893296,168421
168406,0.332836686,168431
168406,0.335183103,168454
168406,0.335183103,168455
168406,0.36,168481
168406,0.398893296,168483
168406,0.319473648,168503
168406,0.335183103,168515
168406,0.326532245,168538
168406,0.335183103,168547
168406,0.390625,178607
168406,0.326532245,178708
168406,0.398893296,189032
168406,0.49,168414
168406,0.542933186,168466
168406,0.398893296,168514
63815,0.326532245,168442
63815,0.40495405,73910
63816,0.319473648,136806
63816,0.308646914,136902
63816,0.308646914,168403
63816,0.335183103,168466
63816,0.308646914,178605
63816,0.308646914,178707
63816,0.36,157212
136902,0.36,157211
136902,0.308646914,168403
136902,0.308646914,168455
136902,0.373455432,168483
168466,0.468143324,168483
168466,0.37051569,168503
168466,0.335183103,168512
168466,0.398893296,168515
168466,0.349174628,168530
168466,0.326532245,168538
168466,0.335183103,168547
168466,0.383222903,178708
168466,0.398893296,168482
168466,0.501731389,178607
178605,0.31640625,178707
73909,0.326532245,74010
73909,0.340273889,115911
73909,0.319473648,136806
73909,0.326532245,157322
73909,0.326532245,168462
73909,0.326532245,168466
73909,0.383222903,168483
73909,0.37051569,168503
73909,0.326532245,168547
73909,0.326532245,178708
73909,0.425325709,168428
115911,0.340273889,157320
115911,0.340273889,168428
115911,0.340273889,168537
115911,0.340273889,178708
115911,0.501731389,168530
157322,0.326532245,168465
157322,0.319473648,168503
157322,0.4225,168403
157322,0.36,168462
168462,0.326532245,168465
168462,0.335183103,168547
168462,0.277012742,168463
168483,0.37051569,168503
168483,0.308646914,168514
168483,0.308646914,168515
168483,0.373455432,168547
168483,0.340273889,178607
168483,0.308646914,178707
168483,0.444448889,178708
168483,0.521601728,168512
168483,0.308646914,199303
168503,0.308646914,168504
168503,0.340273889,168537
168503,0.326532245,168546
168503,0.390625,178607
168503,0.319473648,189032
168547,0.383222903,178708
178708,0.326532245,189029
73919,0.36,168427
73919,0.390625,168416
74002,0.25,158212
73914,0.335183103,157304
73914,0.308646914,168455
73914,0.340273889,157220
157304,0.326532245,168468
157304,0.335183103,168483
157304,0.398893296,168455
168455,0.373455432,168483
73916,0.36,157322
73916,0.31640625,178707
73916,0.418686644,168433
157314,0.326532245,157321
157314,0.31820881,157604
157314,0.326532245,157608
157314,0.31640625,157616
157314,0.326532245,209401
157314,0.429247729,157325
94421,0.304394958,157326
94421,0.343642164,157610
94421,0.444448889,209403
157306,0.326532245,157308
157306,0.326532245,157325
157306,0.326532245,157610
157306,0.36,157309
157321,0.385256076,157325
157321,0.390625,157616
157321,0.326532245,168501
157321,0.308646914,168503
157321,0.351162908,209401
157321,0.321114889,209403
157321,0.396433937,157326
157321,0.351162908,157608
168501,0.41326898,168536
168501,0.304394958,189028
168501,0.460457245,168503
168501,0.41326898,168504
168501,0.41326898,168546
73926,0.308646914,157326
73926,0.308646914,157907
73926,0.383222903,158205
73926,0.340273889,158301
73926,0.326532245,158302
73926,0.326532245,168468
73926,0.326532245,168481
73926,0.351162908,168536
73926,0.383222903,209405
73926,0.383222903,168424
73926,0.510210204,168538
157907,0.308646914,158302
157907,0.308646914,168504
157907,0.308646914,209405
157907,0.351162908,168503
158205,0.36,158302
158205,0.326532245,158308
158205,0.36,168419
158205,0.319473648,168428
158205,0.36,168441
158205,0.326532245,168538
158205,0.4225,168481
158205,0.4225,168502
158205,0.3025,189023
158205,0.4225,209405
158301,0.326532245,168501
158301,0.308646914,168504
158301,0.308646914,168536
158301,0.340273889,178708
158301,0.390625,158302
158302,0.326532245,168417
158302,0.36,168481
158302,0.319473648,168503
158302,0.326532245,178708
158302,0.340273889,209401
158302,0.383222903,168465
158302,0.36,168480
158302,0.64,209405
168468,0.326532245,168538
168536,0.308646914,168537
168536,0.444448889,168538
168536,0.41326898,168546
74005,0.40495405,74009
74005,0.37051569,157320
74005,0.319473648,168428
74005,0.349174628,168483
74005,0.464878512,178708
74005,0.528921653,74008
74005,0.483928923,74016
74005,0.40495405,168530
74008,0.349174628,74009
74008,0.425325709,74016
74008,0.319473648,136806
74008,0.37051569,157320
74008,0.349174628,157322
74008,0.349174628,168466
74008,0.349174628,168483
74008,0.40495405,74010
74016,0.340273889,115911
74016,0.425325709,157320
74016,0.351162908,157326
74016,0.37051569,168428
74016,0.332836686,168431
74016,0.37051569,168466
74016,0.425325709,168483
74016,0.37051569,168503
74016,0.319473648,168512
74016,0.37051569,168530
74016,0.319473648,168538
74016,0.326532245,168546
74016,0.390625,178607
74016,0.319473648,178703
74016,0.546313157,178708
137009,0.335183103,168409
137009,0.308646914,168450
137009,0.346026298,168512
157307,0.36,168425
157307,0.36,168466
157307,0.36,168481
168414,0.4225,168481
168414,0.36,168483
168414,0.36,168512
168414,0.326532245,178708
168414,0.36,189032
168414,0.3025,189017
168511,0.383222903,178708
168511,0.4225,189032
168512,0.418686644,168547
168512,0.510210204,178708
168538,0.326532245,168547
168538,0.326532245,178708
168538,0.383222903,189029
168538,0.3136,189033
178704,0.40495405,178708
136804,0.36,157307
136804,0.36,158207
136804,0.335183103,168454
136804,0.398893296,168459
136804,0.468143324,168466
136804,0.335183103,168467
74011,0.304394958,157325
74011,0.308646914,168504
74011,0.326532245,168546
74011,0.378692544,74016
74011,0.378692544,115902
74011,0.289939172,137005
74011,0.286985204,178702
168546,0.326532245,178607
168431,0.332836686,168432
168431,0.332836686,168503
168431,0.378692544,168537
168431,0.378692544,178607
168530,0.340273889,178607
168530,0.349174628,178701
168530,0.349174628,178708
178607,0.340273889,178708
178703,0.464878512,178708
84205,0.31640625,157616
84205,0.31640625,168546
84205,0.31640625,189028
94401,0.304394958,104805
94401,0.321114889,209403
94401,0.343642164,94421
104805,0.308646914,104808
104805,0.326532245,178607
94403,0.455625,94408
94403,0.464878512,94407
94408,0.47676263,94409
94408,0.4225,94418
94408,0.330625,136810
94408,0.36,157309
94409,0.444448889,94418
94409,0.226756916,157801
136809,0.326532245,157309
136809,0.337154423,168432
157315,0.335183103,168408
157315,0.335183103,168409
157315,0.335183103,168412
157315,0.335183103,168419
157315,0.335183103,168426
157315,0.4225,168502
104820,0.31820881,116101
104820,0.342658037,116104
104820,0.31820881,116105
104820,0.342658037,116109
104820,0.31820881,116110
104820,0.31820881,116115
104820,0.347793268,116114
116101,0.614311088,116102
116101,0.57168721,116104
116101,0.542933186,116105
116101,0.528921653,116106
116101,0.496390703,116107
116101,0.492986537,116108
116101,0.535399524,116109
116101,0.623262881,116110
116101,0.572685698,116111
116101,0.322135705,116112
116101,0.504852881,116114
116101,0.322135705,116115
116101,0.322135705,116201
116101,0.353537268,116202
116101,0.323340077,116203
116101,0.454154688,116204
116101,0.572685698,116205
116101,0.49378729,116206
116101,0.614311088,116207
116101,0.572685698,116208
116101,0.456543462,116209
116101,0.353537268,116210
116101,0.572685698,116211
116101,0.322135705,116217
116101,0.353537268,126403
116101,0.657412856,116103
116101,0.532505873,116212
116104,0.57168721,116105
116104,0.632740703,116107
116104,0.619731073,116108
116104,0.647831814,116111
116104,0.402146223,116112
116104,0.57168721,116114
116104,0.402146223,116115
116104,0.433674932,116117
116104,0.342658037,116201
116104,0.402146223,116202
116104,0.498266574,116203
116104,0.57168721,116205
116104,0.466393385,116207
116104,0.500301582,116208
116104,0.433674932,116209
116104,0.31469856,116210
116104,0.57168721,116211
116104,0.433674932,116212
116104,0.342658037,116217
116104,0.31469856,116302
116104,0.394270968,116305
116104,0.31469856,126405
116104,0.31469856,168544
116104,0.74587405,116106
116104,0.770971803,116109
116104,0.687688733,116110
116104,0.646978923,116204
116104,0.60916464,116206
116105,0.597111653,116106
116105,0.496390703,116107
116105,0.435032585,116108
116105,0.57168721,116109
116105,0.709149252,116110
116105,0.582413186,116111
116105,0.582413186,116114
116105,0.366339668,116117
116105,0.323340077,116203
116105,0.397441985,116204
116105,0.504852881,116205
116105,0.398893296,116206
116105,0.582413186,116207
116105,0.398893296,116208
116105,0.432819252,116209
116105,0.432819252,116211
116105,0.398893296,116212
116110,0.709149252,116111
116110,0.305399917,116112
116110,0.582413186,116114
116110,0.305399917,116115
116110,0.398893296,116117
116110,0.335183103,116201
116110,0.366339668,116202
116110,0.393693503,116203
116110,0.514648412,116204
116110,0.504852881,116206
116110,0.504852881,116207
116110,0.398893296,116208
116110,0.398893296,116209
116110,0.582413186,116211
116110,0.468143324,116212
116110,0.366339668,116217
116110,0.305399917,126403
116110,0.305399917,126405
116110,0.623262881,116205
116115,0.353537268,116201
116115,0.369469466,116203
116115,0.397441985,116204
116115,0.322135705,116205
116115,0.456543462,116206
116115,0.420746823,116207
116115,0.420746823,116208
116115,0.420746823,116211
116115,0.420746823,116212
116115,0.386411424,126406
116115,0.305399917,136810
116115,0.322135705,136910
116115,0.342658037,168544
116115,0.322135705,209404
116115,0.49378729,116202
104823,0.308646914,104911
104823,0.308646914,157326
104823,0.36861898,157610
168474,0.340273889,168503
168474,0.293406389,178705
168474,0.444448889,178903
136805,0.319473648,136806
136805,0.326532245,168538
136805,0.326532245,178701
136805,0.326532245,178708
136805,0.4225,168419
136805,0.425325709,168428
115209,0.326532245,115515
115209,0.312279792,116111
115209,0.31640625,116117
115209,0.337154423,116217
115209,0.385256076,115211
115209,0.36861898,115807
115515,0.312279792,116111
115515,0.305399917,116114
115515,0.352539063,116117
115515,0.337154423,116209
115515,0.31640625,116302
115515,0.326532245,126403
116111,0.346026298,116112
116111,0.504852881,116114
116111,0.322135705,116115
116111,0.418686644,116117
116111,0.346026298,116201
116111,0.323340077,116203
116111,0.454154688,116204
116111,0.5625,116205
116111,0.49378729,116206
116111,0.5625,116207
116111,0.540651384,116208
116111,0.346026298,116210
116111,0.456543462,116211
116111,0.510210204,116212
116111,0.381491523,116217
116111,0.312279792,116302
116111,0.33802596,116305
116111,0.312279792,126403
116111,0.540651384,116209
116117,0.353537268,116202
116117,0.344522042,116204
116117,0.373455432,116205
116117,0.420746823,116206
116117,0.340273889,116207
116117,0.346026298,116208
116117,0.353537268,116211
116117,0.430664063,116217
116117,0.31640625,126403
116117,0.390625,126405
115210,0.326532245,115407
115210,0.308646914,168532
115210,0.335183103,115516
115407,0.340273889,115513
115407,0.326532245,115514
115407,0.326532245,115515
115407,0.58049161,115512
115407,0.510210204,115516
115407,0.40495405,115804
115407,0.326532245,115810
115407,0.274376916,209609
168532,0.308646914,168541
168532,0.308646914,168548
168532,0.308646914,189006
168532,0.604941728,168533
115211,0.304394958,115513
115211,0.304394958,115514
115211,0.343642164,115515
115211,0.304394958,115807
115513,0.326532245,115514
115513,0.337154423,116209
115513,0.390625,115804
115514,0.326532245,126403
115514,0.41326898,115515
115514,0.37564641,116209
115807,0.305399917,116114
115807,0.31640625,116117
115807,0.378692544,116002
115807,0.25,209507
115807,0.340273889,209606
115309,0.308646914,115903
115309,0.335183103,137007
115903,0.36,136805
115903,0.308646914,168419
115903,0.308646914,168455
115903,0.335183103,168480
115903,0.373455432,115906
115903,0.398893296,137007
115903,0.308646914,158112
115401,0.331499578,115806
115401,0.346026298,116102
115401,0.346026298,116111
115806,0.346026298,116111
115806,0.335183103,116114
115806,0.31640625,116117
115806,0.458897856,115807
115806,0.36,116212
115806,0.234130177,157311
116102,0.604941728,116103
116102,0.57168721,116104
116102,0.468143324,116105
116102,0.434399628,116106
116102,0.434399628,116107
116102,0.435032585,116108
116102,0.500301582,116109
116102,0.582413186,116110
116102,0.346026298,116112
116102,0.504852881,116114
116102,0.457611661,116117
116102,0.418686644,116201
116102,0.353537268,116202
116102,0.323340077,116203
116102,0.483928923,116204
116102,0.5625,116205
116102,0.49378729,116206
116102,0.521601728,116207
116102,0.540651384,116208
116102,0.418686644,116209
116102,0.457611661,116210
116102,0.572685698,116211
116102,0.395100245,116212
116102,0.346026298,116217
116102,0.312279792,116302
116102,0.312279792,126403
116102,0.312279792,126405
116102,0.630626574,116111
115509,0.312279792,116102
115509,0.326532245,126403
115509,0.321114889,209403
115509,0.41326898,115515
115509,0.25,157615
126403,0.430664063,126405
126403,0.41326898,126404
126403,0.457611661,126406
115512,0.326532245,115514
115512,0.326532245,115515
115512,0.326532245,115516
115512,0.274376916,157323
116302,0.31640625,126403
116302,0.31640625,126405
168419,0.373455432,168421
168419,0.373455432,168426
168419,0.37051569,168428
168419,0.373455432,168441
168419,0.335183103,168466
168419,0.308646914,168479
168419,0.36,168481
168419,0.308646914,168483
168419,0.36,168485
168419,0.308646914,168514
168419,0.383222903,168538
168419,0.373455432,168547
168419,0.308646914,178603
168419,0.308646914,189026
168419,0.335183103,189032
168480,0.335183103,168515
168537,0.326532245,168546
168537,0.390625,168538
116002,0.352539063,116117
116002,0.25,116301
116107,0.496390703,116110
116107,0.464878512,116111
116107,0.349174628,116112
116107,0.434399628,116114
116107,0.349174628,116115
116107,0.40495405,116117
116107,0.322828512,116202
116107,0.470966513,116203
116107,0.546313157,116204
116107,0.496390703,116205
116107,0.434399628,116206
116107,0.496390703,116207
116107,0.496390703,116208
116107,0.464878512,116211
116107,0.40495405,116212
116107,0.37655405,116305
116107,0.349174628,168544
116107,0.760977076,116108
116107,0.74587405,116109
116112,0.335183103,116114
116112,0.456543462,116115
116112,0.346026298,116117
116112,0.381491523,116201
116112,0.37051569,116204
116112,0.373455432,116205
116112,0.420746823,116206
116112,0.340273889,116207
116112,0.457611661,116208
116112,0.312279792,116209
116112,0.420746823,116211
116112,0.470198204,116212
116112,0.312279792,116302
116112,0.346026298,126403
116112,0.312279792,126405
116112,0.381491523,126406
116112,0.312279792,209401
116112,0.49378729,116202
116201,0.49378729,116202
116201,0.319473648,116204
116201,0.373455432,116205
116201,0.386411424,116206
116201,0.308646914,116207
116201,0.346026298,116208
116201,0.36,116212
116201,0.31640625,116302
116201,0.429247729,126403
116201,0.352539063,126405
116201,0.343642164,209401
116201,0.36,209403
116201,0.52437874,116210
116201,0.49378729,116211
116201,0.36,116304
116201,0.343642164,116307
116205,0.572685698,116206
116205,0.5625,116207
116205,0.5625,116208
116205,0.373455432,116209
116205,0.373455432,116210
116205,0.482246914,116212
116205,0.373455432,116217
116205,0.408180432,126403
116205,0.308646914,126406
116205,0.657412856,116211
116206,0.532505873,116207
116206,0.572685698,116208
116206,0.353537268,116209
116206,0.532505873,116211
116206,0.420746823,116212
116206,0.386411424,116217
116206,0.31152026,116305
116206,0.353537268,126403
116206,0.386411424,126405
116206,0.386411424,126406
116208,0.457611661,116209
116208,0.381491523,116210
116208,0.532505873,116211
116208,0.470198204,116212
116208,0.312279792,116217
116208,0.346026298,126403
116208,0.312279792,126405
116208,0.312279792,126406
116208,0.381491523,116302
116210,0.420746823,116211
116210,0.31640625,116302
116210,0.352539063,126405
116210,0.460457245,126403
116211,0.49378729,116212
116211,0.353537268,116217
116211,0.353537268,126403
116211,0.322135705,126405
116211,0.31469856,168544
126405,0.340273889,136910
126405,0.498266574,126406
126406,0.340273889,136910
126406,0.312279792,157614
209401,0.401106889,209403
116304,0.321114889,116307
116304,0.352539063,126405
116307,0.26886299,209603
158207,0.4225,158208
158207,0.4225,168466
168454,0.308646914,168455
168454,0.308646914,168459
168454,0.335183103,168462
168454,0.335183103,168466
168454,0.444448889,168465
168459,0.468143324,168466
137007,0.36,158302
137007,0.36,168481
137007,0.349174628,178703
137007,0.36,209405
137007,0.398893296,137009
137007,0.468143324,168409
168433,0.36,168434
168433,0.36,168436
168433,0.373455432,168483
168436,0.383222903,178701
136815,0.31640625,168413
136815,0.418686644,168408
168413,0.31640625,168416
168413,0.373455432,168419
168413,0.398893296,189032
168413,0.444448889,168421
168413,0.36,168484
168413,0.217780889,189014
168413,0.47265625,189026
168413,0.36,189031
137006,0.340273889,157410
137006,0.378692544,168443
137006,0.378692544,168473
137006,0.378692544,168522
137006,0.340273889,168534
137006,0.378692544,168541
137006,0.444448889,189002
157410,0.40495405,168534
157410,0.40495405,189002
168443,0.378692544,168471
168443,0.479293136,168473
168443,0.479293136,168522
168443,0.326532245,168523
168443,0.346026298,168533
168443,0.378692544,168541
168443,0.326532245,168543
168443,0.31640625,189006
168443,0.479293136,189002
168473,0.326532245,168517
168473,0.378692544,168522
168473,0.378692544,168541
168473,0.378692544,189001
168473,0.41326898,168523
168473,0.479293136,168542
168473,0.479293136,189002
168522,0.373455432,168532
168522,0.346026298,168533
168522,0.479293136,168534
168522,0.378692544,168541
168522,0.326532245,168543
168522,0.390625,189006
168522,0.444448889,168529
168522,0.479293136,189002
168534,0.378692544,168541
168534,0.40495405,168542
168534,0.308646914,168548
168534,0.528921653,189002
168534,0.36,189114
168541,0.378692544,168542
168541,0.326532245,168543
168541,0.479293136,189002
137019,0.319473648,178701
168417,0.319473648,168503
168417,0.383222903,168425
168465,0.326532245,168480
168465,0.319473648,168503
168465,0.321114889,209403
168409,0.36,168414
168409,0.326532245,168417
168409,0.335183103,168421
168409,0.335183103,168466
168409,0.4225,168481
168409,0.398893296,168483
168409,0.4225,168511
168409,0.335183103,168512
168409,0.335183103,168514
168409,0.349174628,178704
168409,0.444448889,178708
168409,0.335183103,189032
168450,0.326532245,178708
168450,0.373455432,168512
168450,0.373455432,168528
137013,0.319473648,157320
157204,0.429247729,157404
157204,0.429247729,157602
157216,0.304394958,157325
157216,0.326532245,157608
157219,0.340273889,168427
157219,0.5625,157220
157221,0.308646914,157507
157221,0.340273889,168484
157222,0.308646914,168403
157222,0.36,168422
157222,0.36,168441
157225,0.31640625,157229
157225,0.31640625,168416
157225,0.308646914,168483
157225,0.31640625,178605
157225,0.326532245,157226
157229,0.373455432,168455
157226,0.308646914,168407
168407,0.308646914,168548
168407,0.326532245,178708
157302,0.31640625,178603
157302,0.390625,178605
178603,0.390625,178605
168425,0.378692544,168431
168425,0.36,168481
168425,0.340273889,178607
168425,0.4225,168466
157608,0.31640625,157616
157608,0.340273889,209401
168408,0.398893296,168409
168408,0.346026298,168413
168408,0.373455432,168419
168408,0.373455432,168421
168408,0.346026298,168484
168408,0.346026298,168514
168408,0.346026298,168429
168408,0.444448889,168483
168408,0.280274948,199306
168412,0.335183103,168419
168412,0.36,168436
168426,0.31640625,168467
168426,0.444448889,168441
157318,0.308646914,158208
157318,0.398893296,168406
157318,0.36,168414
157318,0.308646914,168419
157318,0.36,168481
157318,0.373455432,168483
157318,0.390625,168514
157318,0.390625,168515
157318,0.31640625,168547
157318,0.31640625,158204
157318,0.31640625,168448
157318,0.398893296,168466
158208,0.468143324,168406
158208,0.335183103,168412
158208,0.308646914,168413
158208,0.373455432,168416
158208,0.373455432,168419
158208,0.373455432,168424
158208,0.308646914,168439
158208,0.308646914,168454
158208,0.308646914,168459
158208,0.326532245,168465
158208,0.36,168481
158208,0.373455432,168514
158208,0.373455432,189024
158208,0.335183103,189032
158208,0.521601728,168421
158208,0.468143324,168466
158208,0.444448889,168515
158208,0.308646914,189025
168514,0.390625,168515
168514,0.31640625,168524
168515,0.36,168547
168515,0.444448889,189024
157324,0.308646914,168422
157324,0.308646914,168450
157324,0.308646914,157412
157324,0.373455432,158202
157324,0.308646914,168516
168422,0.340273889,189024
158311,0.326532245,168536
157419,0.319473648,158205
157419,0.37051569,168481
157419,0.37051569,158308
157419,0.37051569,168485
157505,0.340273889,189024
157505,0.36,157507
168484,0.25,178706
168484,0.340273889,189020
158308,0.326532245,168480
168441,0.25,209402
168439,0.31640625,168514
168439,0.326532245,189024
168439,0.444448889,168441
168439,0.444448889,168515
158306,0.340273889,189102
158306,0.340273889,209505
189102,0.36,209505
168402,0.319473648,168503
168402,0.510210204,168404
168404,0.319473648,168503
168404,0.2025,178901
168405,0.36,168485
168405,0.36,168502
168405,0.349174628,189015
168485,0.390625,168537
168485,0.326532245,168538
168485,0.36,189026
168485,0.3136,189033
168421,0.373455432,168514
168421,0.308646914,189026
168415,0.373455432,168450
168415,0.346026298,168529
168415,0.373455432,168528
168529,0.373455432,168532
168529,0.346026298,168533
168529,0.36,168534
168529,0.36,168541
168475,0.36,168515
168423,0.326532245,168442
168423,0.326532245,168543
168467,0.308646914,168483
168467,0.31640625,168547
168467,0.390625,168508
168458,0.346026298,168512
168458,0.444448889,168547
168458,0.378692544,178603
168471,0.326532245,168517
168471,0.326532245,168523
168471,0.40495405,168526
168471,0.340273889,168527
168471,0.40495405,168534
168471,0.40495405,189002
168471,0.479293136,168473
168471,0.297515703,168509
168471,0.40495405,168519
168523,0.326532245,168541
168523,0.326532245,189001
168523,0.326532245,189002
168533,0.346026298,168543
168533,0.418686644,168541
168533,0.373455432,168548
168533,0.280274948,189005
168533,0.418686644,189006
168543,0.308646914,168548
168543,0.326532245,189001
168543,0.31640625,189006
168543,0.326532245,189030
189006,0.31640625,209612
168445,0.390625,168457
168445,0.444448889,168461
168457,0.444448889,168461
168457,0.40495405,168477
168457,0.25,209504
168456,0.326532245,189108
189108,0.444448889,189114
168517,0.326532245,168522
168517,0.326532245,168526
168517,0.25,168525
168517,0.326532245,168543
168526,0.41326898,168543
168526,0.40495405,189001
168526,0.40495405,189012
168527,0.308646914,168532
168527,0.25,209503
168472,0.326532245,168523
168472,0.36,168529
189001,0.297515703,189207
168477,0.36,168515
168477,0.378692544,178603
168482,0.308646914,168483
168505,0.346026298,168541
168505,0.418686644,168533
168505,0.221454948,209506
168518,0.340273889,168527
168518,0.390625,189006
168518,0.25,189209
168528,0.308646914,168529
168542,0.40495405,189002
168542,0.40495405,189001
168540,0.326532245,168543
168540,0.40495405,189001
189030,0.326532245,189031
189012,0.36,189022
10101,0.31640625,63501
10103,0.284440889,10203
10203,0.31640625,10210
10203,0.217780889,42004
10203,0.418686644,168433
10104,0.140625,84106
10105,0.332836686,104902
10206,0.267537218,10504
10206,0.31640625,10511
10202,0.217780889,21007
10202,0.284440889,31502
10202,0.284440889,63501
10204,0.280274948,42204
10207,0.280274948,168433
10208,0.25,10404
10301,0.282226563,115608
10306,0.456543462,10307
10306,0.278551728,20904
10402,0.326532245,41901
10402,0.264494204,42403
10405,0.340273889,31514
10405,0.15311569,178902
10407,0.297515703,157325
10409,0.23667252,209404
20601,0.111108889,178902
20602,0.25,20702
20603,0.221454948,31511
31511,0.346026298,31513
20701,0.3136,52515
20701,0.36,115705
52515,0.4096,136802
20705,0.25,31507
20705,0.221454948,31509
20809,0.444448889,20813
20708,0.25,20709
20810,0.23667252,21209
20710,0.31640625,20712
20710,0.31820881,42005
20714,0.228732628,20803
20803,0.25,20901
20801,0.206615703,41801
20801,0.167354628,94602
41801,0.224372742,41804
41801,0.197526914,74001
20802,0.25,52520
20802,0.25,84102
84102,0.273246653,84105
20901,0.235914204,20904
20805,0.289939172,20806
42002,0.272212628,136802
52607,0.36861898,52608
20902,0.183672245,21202
21202,0.233057218,21212
21202,0.304394958,115201
21001,0.464878512,21003
21003,0.468143324,21205
21005,0.25,21206
21206,0.321114889,31512
21206,0.312279792,52716
21206,0.217780889,63603
21006,0.215565204,21202
21103,0.235079523,73921
21104,0.31152026,41905
21104,0.238505257,63301
21107,0.319473648,136806
21201,0.297515703,42304
42304,0.151235432,62923
115201,0.267537218,115205
21207,0.273246653,63401
21208,0.183672245,31507
21214,0.12754898,104809
21302,0.265379523,73921
31504,0.178996686,41605
31513,0.197526914,74001
31515,0.25,52505
31515,0.25,115514
31516,0.23794884,31517
31517,0.33802596,41905
31518,0.183672245,178714
178714,0.25,189111
31519,0.284440889,31520
31520,0.280274948,63802
31520,0.284440889,63806
63806,0.284440889,104703
41701,0.26886299,52523
41702,0.36,168436
41804,0.398893296,41805
41902,0.25,73924
73924,0.286985204,116002
136802,0.272212628,136908
136802,0.349174628,136914
42003,0.217780889,63806
42101,0.278551728,104808
42201,0.2704,63214
42203,0.272212628,136806
42207,0.203951592,42208
42208,0.1936,63004
42303,0.25,115703
115703,0.221454948,157323
42306,0.25,63102
42306,0.237344352,157801
52503,0.15311569,52711
52711,0.213019172,62814
52507,0.147932544,62921
52508,0.25,62904
52508,0.272212628,136813
136813,0.25,178607
52510,0.206615703,62809
62809,0.135733296,62835
52516,0.178996686,168474
52517,0.25,209403
52519,0.183672245,157227
157227,0.183672245,178711
52529,0.177283103,147106
52530,0.178996686,168437
52601,0.221454948,157203
52602,0.09,52612
52602,0.111108889,158105
52603,0.197526914,52616
52603,0.26886299,157403
157403,0.226756916,157901
52604,0.444448889,157501
52604,0.308646914,157502
157502,0.340273889,158105
52605,0.173613889,158105
52606,0.25,62818
52610,0.12754898,52614
52614,0.378692544,52615
52614,0.147932544,157218
52613,0.25,62844
62844,0.308646914,157502
62844,0.308646914,158108
157218,0.378692544,157219
52620,0.286985204,157606
157606,0.25,178607
52701,0.25,52704
52704,0.183672245,62818
52704,0.169546298,136902
52703,0.147932544,63104
52703,0.284440889,84301
84301,0.25,209402
52707,0.25,178702
52708,0.3025,168404
52709,0.140625,62814
62814,0.289939172,62905
62814,0.29469698,63102
52710,0.20841051,63102
52712,0.135733296,157206
157206,0.177283103,157207
52713,0.289939172,73901
52713,0.25,157408
52714,0.36,52715
52715,0.26886299,136807
136807,0.332836686,178607
62803,0.3025,157224
62803,0.3025,157605
157224,0.3025,168483
62804,0.373455432,158112
62807,0.25,157408
62807,0.213019172,157901
62835,0.226756916,157901
62811,0.272212628,104901
104901,0.272212628,158308
62815,0.25,168425
62821,0.111108889,209504
62822,0.183672245,147110
62825,0.346026298,62841
62841,0.308646914,158112
62826,0.19140625,115403
115403,0.31640625,168514
62827,0.274376916,62836
62827,0.31640625,62903
62833,0.213019172,62904
62834,0.111108889,178902
62843,0.284440889,147115
147115,0.224372742,189023
62849,0.25,168455
62901,0.274376916,62905
62902,0.19140625,63817
62902,0.25,74002
62906,0.340273889,62907
62909,0.25,73906
62917,0.297515703,73910
62922,0.25,62933
62922,0.197526914,158001
62924,0.326532245,62935
62926,0.284440889,74002
62929,0.297515703,168479
62929,0.289939172,168539
62931,0.444448889,62934
62931,0.326532245,63707
62934,0.183672245,115504
62934,0.25,147110
62939,0.25,168457
62941,0.284440889,63002
63001,0.41326898,73913
63005,0.2704,168481
63103,0.169546298,73905
63207,0.289939172,73906
63207,0.25,104809
63302,0.284440889,63403
63303,0.468143324,63304
63304,0.25,199306
63306,0.304394958,189028
63404,0.25,63822
63406,0.280274948,94414
94414,0.335183103,136912
63503,0.37051569,63808
63503,0.319473648,115603
63503,0.25,168437
63505,0.25,189209
104703,0.19140625,157203
63809,0.297515703,178701
63810,0.308646914,115903
63811,0.326532245,73908
63811,0.297515703,104814
157212,0.226756916,157301
63818,0.297515703,189002
73902,0.2304,168483
73903,0.3025,73907
73903,0.3025,168532
73904,0.319473648,168485
73918,0.25,157219
115902,0.326532245,137013
115902,0.383222903,157208
115902,0.383222903,157312
115902,0.326532245,168402
74012,0.233057218,157325
74013,0.224372742,136912
74013,0.151235432,178905
136912,0.3025,137013
74015,0.173613889,168518
84101,0.330625,84102
84101,0.275625,104821
84105,0.297515703,84106
84105,0.25,147108
84104,0.277012742,84107
84107,0.262984352,104820
147108,0.284440889,147112
84201,0.25,84203
84203,0.197526914,84303
84203,0.274376916,115510
84203,0.25,116214
84202,0.340273889,189113
189113,0.213019172,209613
84303,0.197526914,115105
115510,0.274376916,136913
115510,0.297515703,178712
84302,0.25,209401
115105,0.224372742,147106
94407,0.496390703,94408
94407,0.496390703,94409
94407,0.349174628,94412
94420,0.200954958,94602
94420,0.300731592,116209
104702,0.25,104703
104705,0.197526914,178805
104801,0.31640625,104810
104802,0.326532245,104804
104802,0.3025,136805
104803,0.335183103,104818
104806,0.206615703,168427
104907,0.25,147103
147103,0.210066389,147113
104908,0.217780889,168515
104909,0.25,189019
189019,0.25,189020
115007,0.197526914,157221
115101,0.197526914,115105
115107,0.340273889,209401
115111,0.277012742,115112
115112,0.335183103,115309
115205,0.286985204,116002
115208,0.282226563,115209
115402,0.25,168532
115804,0.390625,115807
115408,0.319473648,115501
115408,0.332836686,115509
115503,0.297515703,115902
157323,0.280274948,158215
115601,0.284440889,157612
115607,0.299887664,157308
115701,0.280274948,116214
115702,0.319473648,136908
115801,0.25,158215
158215,0.340273889,158306
158215,0.25,178715
209606,0.36,209607
157208,0.427519823,157209
116001,0.332836686,116002
116001,0.2704,147113
116116,0.25,189006
116215,0.25,189113
116303,0.183672245,116306
116303,0.378692544,116307
126402,0.15311569,126404
126402,0.147932544,126505
126402,0.094673136,158111
126506,0.280274948,137020
137020,0.280274948,168415
126601,0.183672245,189105
189105,0.25,189108
126702,0.390625,189102
126704,0.25,209505
136801,0.297515703,136802
136801,0.25,157303
136903,0.340273889,168484
136907,0.25,157324
136911,0.468143324,136912
136911,0.25,178712
137004,0.081630204,168456
137018,0.25,168513
168513,0.25,189207
147101,0.25,189102
147102,0.25,147103
157201,0.09765625,157305
157305,0.373455432,168455
157202,0.25,157209
157209,0.332836686,157210
157209,0.25,157408
157205,0.293406389,168414
157207,0.2025,157224
157213,0.351162908,157214
157213,0.304394958,157228
157214,0.36861898,157216
157223,0.289939172,178603
178711,0.25,178714
157317,0.286985204,158201
158201,0.26369252,209404
168448,0.280274948,209608
157412,0.217780889,168478
157402,0.145122903,157901
157407,0.25,157408
157409,0.217780889,157411
157413,0.25,199306
157601,0.200954958,178606
178606,0.340273889,178607
178606,0.297515703,178906
157607,0.340273889,168428
158101,0.25,189005
158102,0.25,209504
158104,0.140625,209504
158203,0.36,158205
158209,0.297515703,168479
158211,0.213019172,189002
158303,0.36,168466
158305,0.224372742,168480
158305,0.213019172,168510
158307,0.224372742,189032
168410,0.340273889,178607
168411,0.40495405,189111
168411,0.213019172,219703
189111,0.340273889,189113
189111,0.40495405,189114
168420,0.308646914,168457
168420,0.297515703,168464
168464,0.297515703,178604
168430,0.228732628,189015
168440,0.41326898,168442
168461,0.308646914,189011
168446,0.297515703,168461
168447,0.25,189113
168451,0.335183103,168480
168452,0.25,189029
168460,0.378692544,178603
168470,0.284440889,168527
168519,0.36,168521
168476,0.284440889,189024
168507,0.335183103,168532
168521,0.444448889,168527
168531,0.36,168548
178602,0.226756916,178606
178710,0.169546298,199306
178802,0.221454948,199306
178803,0.289939172,219703
178907,0.297515703,189015
189003,0.444448889,189004
189003,0.25,189113
189013,0.25,189207
189018,0.25,189030
189101,0.25,189108
219701,0.213019172,219703
